,What Helped You The Most?
0,Education
1,Education
2,Education
3,Education
4,Education
5,Education
6,Education
7,Education
8,Education
9,Education
10,Education
11,Education
12,Education
13,Education
14,Education
15,Education
16,Education
17,Education
18,Education
19,Education
20,Education
21,Education
22,Education
23,Education
24,Education
25,Education
26,Education
27,Education
28,Education
29,Education
30,Education
31,Education
32,Education
33,Education
34,Education
35,Education
36,Education
37,Education
38,Education
39,Education
40,Education
41,Education
42,Education
43,Education
44,Education
45,Education
46,Education
47,Education
48,Education
49,Education
50,Education
51,Education
52,Education
53,Education
54,Education
55,Education
56,Education
57,Education
58,Education
59,Education
60,Education
61,Education
62,Education
63,Education
64,Education
65,Education
66,Education
67,Education
68,Education
69,Education
70,Education
71,Education
72,Education
73,Education
74,Education
75,Education
76,Education
77,Education
78,Education
79,Education
80,Education
81,Education
82,Education
83,Education
84,Education
85,Education
86,Education
87,Education
88,Education
89,Education
90,Education
91,Education
92,Education
93,Education
94,Education
95,Education
96,Education
97,Education
98,Education
99,Education
100,Education
101,Education
102,Education
103,Education
104,Education
105,Education
106,Education
107,Education
108,Education
109,Education
110,Education
111,Education
112,Education
113,Education
114,Education
115,Education
116,Education
117,Education
118,Education
119,Education
120,Education
121,Education
122,Education
123,Education
124,Education
125,Education
126,Education
127,Education
128,Education
129,Education
130,Education
131,Education
132,Education
133,Education
134,Education
135,Education
136,Education
137,Education
138,Education
139,Education
140,Education
141,Education
142,Education
143,Education
144,Education
145,Education
146,Education
147,Education
148,Education
149,Education
150,Education
151,Education
152,Education
153,Education
154,Education
155,Education
156,Education
157,Education
158,Education
159,Education
160,Education
161,Education
162,Education
163,Education
164,Education
165,Education
166,Education
167,Education
168,Education
169,Education
170,Education
171,Education
172,Education
173,Education
174,Education
175,Education
176,Education
177,Education
178,Education
179,Education
180,Education
181,Education
182,Education
183,Education
184,Education
185,Education
186,Education
187,Education
188,Education
189,Education
190,Education
191,Education
192,Education
193,Education
194,Education
195,Education
196,Education
197,Education
198,Education
199,Education
200,Education
201,Education
202,Education
203,Education
204,Education
205,Education
206,Education
207,Education
208,Education
209,Education
210,Education
211,Education
212,Education
213,Education
214,Education
215,Education
216,Education
217,Education
218,Education
219,Education
220,Education
221,Education
222,Education
223,Education
224,Education
225,Education
226,Education
227,Education
228,Education
229,Education
230,Education
231,Education
232,Education
233,Education
234,Education
235,Education
236,Education
237,Education
238,Education
239,Education
240,Education
241,Education
242,Education
243,Education
244,Education
245,Education
246,Education
247,Education
248,Education
249,Education
250,Education
251,Education
252,Education
253,Education
254,Education
255,Education
256,Education
257,Education
258,Education
259,Education
260,Education
261,Education
262,Education
263,Education
264,Education
265,Education
266,Education
267,Education
268,Education
269,Education
270,Education
271,Education
272,Education
273,Education
274,Education
275,Education
276,Education
277,Education
278,Education
279,Education
280,Education
281,Education
282,Education
283,Education
284,Education
285,Education
286,Education
287,Education
288,Education
289,Education
290,Education
291,Education
292,Education
293,Education
294,Education
295,Education
296,Education
297,Education
298,Education
299,Education
300,Education
301,Education
302,Education
303,Education
304,Education
305,Education
306,Education
307,Education
308,Education
309,Education
310,Education
311,Education
312,Education
313,Education
314,Education
315,Education
316,Education
317,Education
318,Education
319,Education
320,Education
321,Education
322,Education
323,Education
324,Education
325,Education
326,Education
327,Education
328,Education
329,Education
330,Education
331,Education
332,Education
333,Education
334,Education
335,Education
336,Education
337,Education
338,Education
339,Education
340,Education
341,Education
342,Education
343,Education
344,Education
345,Education
346,Education
347,Education
348,Education
349,Education
350,Education
351,Education
352,Education
353,Education
354,Education
355,Education
356,Education
357,Education
358,Education
359,Education
360,Education
361,Education
362,Education
363,Education
364,Education
365,Education
366,Education
367,Education
368,Education
369,Education
370,Education
371,Education
372,Education
373,Education
374,Education
375,Education
376,Education
377,Education
378,Education
379,Education
380,Education
381,Education
382,Education
383,Education
384,Education
385,Education
386,Education
387,Education
388,Education
389,Education
390,Education
391,Education
392,Education
393,Education
394,Education
395,Education
396,Education
397,Education
398,Education
399,Education
400,Education
401,Education
402,Education
403,Education
404,Education
405,Education
406,Education
407,Education
408,Education
409,Education
410,Education
411,Education
412,Education
413,Education
414,Education
415,Education
416,Education
417,Education
418,Education
419,Education
420,Education
421,Education
422,Education
423,Education
424,Education
425,Education
426,Education
427,Education
428,Education
429,Education
430,Education
431,Education
432,Education
433,Education
434,Education
435,Education
436,Education
437,Education
438,Education
439,Education
440,Education
441,Education
442,Education
443,Education
444,Education
445,Education
446,Education
447,Education
448,Education
449,Education
450,Education
451,Education
452,Education
453,Education
454,Education
455,Education
456,Education
457,Education
458,Education
459,Education
460,Education
461,Education
462,Education
463,Education
464,Education
465,Education
466,Education
467,Education
468,Education
469,Education
470,Education
471,Education
472,Education
473,Education
474,Education
475,Education
476,Education
477,Education
478,Education
479,Education
480,Education
481,Education
482,Education
483,Education
484,Education
485,Education
486,Education
487,Education
488,Education
489,Education
490,Education
491,Education
492,Education
493,Education
494,Education
495,Education
496,Education
497,Education
498,Education
499,Education
500,Education
501,Education
502,Education
503,Education
504,Education
505,Education
506,Education
507,Education
508,Education
509,Education
510,Education
511,Education
512,Education
513,Education
514,Education
515,Education
516,Education
517,Education
518,Education
519,Education
520,Education
521,Education
522,Education
523,Education
524,Education
525,Education
526,Education
527,Education
528,Education
529,Education
530,Education
531,Education
532,Education
533,Education
534,Education
535,Education
536,Education
537,Education
538,Education
539,Education
540,Education
541,Education
542,Education
543,Education
544,Education
545,Education
546,Education
547,Education
548,Education
549,Education
550,Education
551,Education
552,Education
553,Education
554,Education
555,Education
556,Education
557,Education
558,Education
559,Education
560,Education
561,Education
562,Education
563,Education
564,Education
565,Education
566,Education
567,Education
568,Education
569,Education
570,Education
571,Education
572,Education
573,Education
574,Education
575,Education
576,Education
577,Education
578,Education
579,Education
580,Education
581,Education
582,Education
583,Education
584,Education
585,Education
586,Education
587,Education
588,Education
589,Education
590,Education
591,Education
592,Education
593,Education
594,Education
595,Education
596,Education
597,Education
598,Education
599,Education
600,Education
601,Education
602,Education
603,Education
604,Education
605,Education
606,Education
607,Education
608,Education
609,Education
610,Education
611,Education
612,Education
613,Education
614,Education
615,Education
616,Education
617,Education
618,Education
619,Education
620,Education
621,Education
622,Education
623,Education
624,Education
625,Education
626,Education
627,Education
628,Education
629,Education
630,Education
631,Education
632,Education
633,Education
634,Education
635,Education
636,Education
637,Education
638,Education
639,Education
640,Education
641,Education
642,Education
643,Education
644,Education
645,Education
646,Education
647,Education
648,Education
649,Education
650,Education
651,Education
652,Education
653,Education
654,Education
655,Education
656,Education
657,Education
658,Education
659,Education
660,Education
661,Education
662,Education
663,Education
664,Education
665,Education
666,Education
667,Education
668,Education
669,Education
670,Education
671,Education
672,Education
673,Education
674,Education
675,Education
676,Education
677,Education
678,Education
679,Education
680,Education
681,Education
682,Education
683,Education
684,Education
685,Education
686,Education
687,Education
688,Education
689,Education
690,Education
691,Education
692,Education
693,Education
694,Education
695,Education
696,Education
697,Education
698,Education
699,Education
700,Education
701,Education
702,Education
703,Education
704,Education
705,Education
706,Education
707,Education
708,Education
709,Education
710,Education
711,Education
712,Education
713,Education
714,Education
715,Education
716,Education
717,Education
718,Education
719,Education
720,Education
721,Education
722,Education
723,Education
724,Education
725,Education
726,Education
727,Education
728,Education
729,Education
730,Education
731,Education
732,Education
733,Education
734,Education
735,Education
736,Education
737,Education
738,Education
739,Education
740,Education
741,Education
742,Education
743,Education
744,Education
745,Education
746,Education
747,Education
748,Education
749,Education
750,Education
751,Education
752,Education
753,Education
754,Education
755,Education
756,Education
757,Education
758,Education
759,Education
760,Education
761,Education
762,Education
763,Education
764,Education
765,Education
766,Education
767,Education
768,Education
769,Education
770,Education
771,Education
772,Education
773,Education
774,Education
775,Education
776,Education
777,Education
778,Education
779,Education
780,Education
781,Education
782,Education
783,Education
784,Education
785,Education
786,Education
787,Education
788,Education
789,Education
790,Education
791,Education
792,Education
793,Education
794,Education
795,Education
796,Education
797,Education
798,Education
799,Education
800,Education
801,Education
802,Education
803,Education
804,Education
805,Education
806,Education
807,Education
808,Education
809,Education
810,Education
811,Education
812,Education
813,Education
814,Education
815,Education
816,Education
817,Education
818,Education
819,Education
820,Education
821,Education
822,Education
823,Education
824,Education
825,Education
826,Education
827,Education
828,Education
829,Education
830,Education
831,Education
832,Education
833,Education
834,Education
835,Education
836,Education
837,Education
838,Education
839,Education
840,Education
841,Education
842,Education
843,Education
844,Education
845,Education
846,Education
847,Education
848,Education
849,Education
850,Education
851,Education
852,Education
853,Education
854,Education
855,Education
856,Education
857,Education
858,Education
859,Education
860,Education
861,Education
862,Education
863,Education
864,Education
865,Education
866,Education
867,Education
868,Education
869,Education
870,Education
871,Education
872,Education
873,Education
874,Education
875,Education
876,Education
877,Education
878,Education
879,Education
880,Education
881,Education
882,Education
883,Education
884,Education
885,Education
886,Education
887,Education
888,Education
889,Education
890,Education
891,Education
892,Education
893,Education
894,Education
895,Education
896,Education
897,Education
898,Education
899,Education
900,Education
901,Education
902,Education
903,Education
904,Education
905,Education
906,Education
907,Education
908,Education
909,Education
910,Education
911,Education
912,Education
913,Education
914,Education
915,Education
916,Education
917,Education
918,Education
919,Education
920,Education
921,Education
922,Education
923,Education
924,Education
925,Education
926,Education
927,Education
928,Education
929,Education
930,Education
931,Education
932,Education
933,Education
934,Education
935,Education
936,Education
937,Education
938,Education
939,Education
940,Education
941,Education
942,Education
943,Education
944,Education
945,Education
946,Education
947,Education
948,Education
949,Education
950,Education
951,Education
952,Education
953,Education
954,Education
955,Education
956,Education
957,Education
958,Education
959,Education
960,Education
961,Education
962,Education
963,Education
964,Education
965,Education
966,Education
967,Education
968,Education
969,Education
970,Education
971,Education
972,Education
973,Education
974,Education
975,Education
976,Education
977,Education
978,Education
979,Education
980,Education
981,Education
982,Education
983,Education
984,Education
985,Education
986,Education
987,Education
988,Education
989,Education
990,Education
991,Education
992,Education
993,Education
994,Education
995,Education
996,Education
997,Education
998,Education
999,Education
1000,Education
1001,Education
1002,Education
1003,Education
1004,Education
1005,Education
1006,Education
1007,Education
1008,Education
1009,Education
1010,Education
1011,Education
1012,Education
1013,Education
1014,Education
1015,Education
1016,Education
1017,Education
1018,Education
1019,Education
1020,Education
1021,Education
1022,Education
1023,Education
1024,Education
1025,Education
1026,Education
1027,Education
1028,Education
1029,Education
1030,Education
1031,Education
1032,Education
1033,Education
1034,Education
1035,Education
1036,Education
1037,Education
1038,Education
1039,Education
1040,Education
1041,Education
1042,Education
1043,Education
1044,Education
1045,Education
1046,Education
1047,Education
1048,Education
1049,Education
1050,Education
1051,Education
1052,Education
1053,Education
1054,Education
1055,Education
1056,Education
1057,Education
1058,Education
1059,Education
1060,Education
1061,Education
1062,Education
1063,Education
1064,Education
1065,Education
1066,Education
1067,Education
1068,Education
1069,Education
1070,Education
1071,Education
1072,Education
1073,Education
1074,Education
1075,Education
1076,Education
1077,Education
1078,Education
1079,Education
1080,Education
1081,Education
1082,Education
1083,Education
1084,Education
1085,Education
1086,Education
1087,Education
1088,Education
1089,Education
1090,Education
1091,Education
1092,Education
1093,Education
1094,Education
1095,Education
1096,Education
1097,Education
1098,Education
1099,Education
1100,Education
1101,Education
1102,Education
1103,Education
1104,Education
1105,Education
1106,Education
1107,Education
1108,Education
1109,Education
1110,Education
1111,Education
1112,Education
1113,Education
1114,Education
1115,Education
1116,Education
1117,Education
1118,Education
1119,Education
1120,Education
1121,Education
1122,Education
1123,Education
1124,Education
1125,Education
1126,Education
1127,Education
1128,Education
1129,Education
1130,Education
1131,Education
1132,Education
1133,Education
1134,Education
1135,Education
1136,Education
1137,Education
1138,Education
1139,Education
1140,Education
1141,Education
1142,Education
1143,Education
1144,Education
1145,Education
1146,Education
1147,Education
1148,Education
1149,Education
1150,Education
1151,Education
1152,Education
1153,Education
1154,Education
1155,Education
1156,Education
1157,Education
1158,Education
1159,Education
1160,Education
1161,Education
1162,Education
1163,Education
1164,Education
1165,Education
1166,Education
1167,Education
1168,Education
1169,Education
1170,Education
1171,Education
1172,Education
1173,Education
1174,Education
1175,Education
1176,Education
1177,Education
1178,Education
1179,Education
1180,Good Education
1181,Good Education
1182,Good Education
1183,Good Education
1184,Good Education
1185,Good Education
1186,Good Education
1187,Good Education
1188,Good Education
1189,Good Education
1190,Good Education
1191,Good Education
1192,Good Education
1193,Good Education
1194,Good Education
1195,Good Education
1196,Good Education
1197,Good Education
1198,Good Education
1199,Good Education
1200,Good Education
1201,Good Education
1202,Good Education
1203,Good Education
1204,Good Education
1205,Good Education
1206,Good Education
1207,Good Education
1208,Good Education
1209,Good Education
1210,Good Education
1211,Good Education
1212,Good Education
1213,Good Education
1214,Good Education
1215,Good Education
1216,Good Education
1217,Good Education
1218,Good Education
1219,Good Education
1220,Good Education
1221,Good Education
1222,Good Education
1223,Good Education
1224,Good Education
1225,Good Education
1226,Good Education
1227,Good Education
1228,Good Education
1229,Good Education
1230,Good Education
1231,Good Education
1232,Good Education
1233,Good Education
1234,Good Education
1235,Good Education
1236,Good Education
1237,Good Education
1238,Good Education
1239,Good Education
1240,Good Education
1241,Good Education
1242,Good Education
1243,Good Education
1244,Good Education
1245,Good Education
1246,Good Education
1247,Good Education
1248,Good Education
1249,Good Education
1250,Good Education
1251,Good Education
1252,Good Education
1253,Good Education
1254,Good Education
1255,Good Education
1256,Good Education
1257,Good Education
1258,Good Education
1259,Good Education
1260,Good Education
1261,Good Education
1262,Good Education
1263,Good Education
1264,Good Education
1265,Good Education
1266,Good Education
1267,Good Education
1268,Good Education
1269,Good Education
1270,Good Education
1271,Good Education
1272,Good Education
1273,Good Education
1274,Good Education
1275,Good Education
1276,Good Education
1277,Good Education
1278,Good Education
1279,Good Education
1280,Good Education
1281,Good Education
1282,Good Education
1283,Good Education
1284,Good Education
1285,Good Education
1286,Good Education
1287,Good Education
1288,Good Education
1289,Good Education
1290,Good Education
1291,Good Education
1292,Good Education
1293,Good Education
1294,Good Education
1295,Good Education
1296,Good Education
1297,Good Education
1298,Good Education
1299,Good Education
1300,Good Education
1301,Good Education
1302,Good Education
1303,Good Education
1304,Good Education
1305,Good Education
1306,Good Education
1307,Good Education
1308,Good Education
1309,Good Education
1310,Good Education
1311,Good Education
1312,Good Education
1313,Good Education
1314,Good Education
1315,Good Education
1316,Good Education
1317,Good Education
1318,Good Education
1319,Good Education
1320,Good Education
1321,Good Education
1322,Good Education
1323,Good Education
1324,Good Education
1325,Good Education
1326,Good Education
1327,Good Education
1328,Good Education
1329,Good Education
1330,Good Education
1331,Good Education
1332,Good Education
1333,Good Education
1334,Good Education
1335,Good Education
1336,Good Education
1337,Good Education
1338,Good Education
1339,Good Education
1340,Good Education
1341,Good Education
1342,Good Education
1343,Good Education
1344,Good Education
1345,Good Education
1346,Good Education
1347,Good Education
1348,Good Education
1349,Good Education
1350,Good Education
1351,Good Education
1352,Good Education
1353,Good Education
1354,Good Education
1355,Good Education
1356,Good Education
1357,Good Education
1358,Good Education
1359,Good Education
1360,Good Education
1361,Good Education
1362,Good Education
1363,Good Education
1364,Good Education
1365,Good Education
1366,Good Education
1367,Good Education
1368,Good Education
1369,Good Education
1370,Good Education
1371,Good Education
1372,Good Education
1373,Good Education
1374,Good Education
1375,Good Education
1376,Good Education
1377,Good Education
1378,Good Education
1379,Good Education
1380,Good Education
1381,Good Education
1382,Good Education
1383,Good Education
1384,Good Education
1385,Good Education
1386,Good Education
1387,Good Education
1388,Good Education
1389,Good Education
1390,Good Education
1391,Good Education
1392,Good Education
1393,Good Education
1394,Good Education
1395,Good Education
1396,Good Education
1397,Good Education
1398,Good Education
1399,Good Education
1400,Good Education
1401,Good Education
1402,Good Education
1403,Good Education
1404,Good Education
1405,Good Education
1406,Good Education
1407,Good Education
1408,Good Education
1409,Good Education
1410,Good Education
1411,Good Education
1412,Good Education
1413,Good Education
1414,Good Education
1415,Good Education
1416,Good Education
1417,Good Education
1418,Good Education
1419,Good Education
1420,Good Education
1421,Good Education
1422,Good Education
1423,Good Education
1424,Good Education
1425,Good Education
1426,Good Education
1427,Good Education
1428,Good Education
1429,Good Education
1430,Good Education
1431,Good Education
1432,Good Education
1433,Good Education
1434,Good Education
1435,Good Education
1436,Good Education
1437,Good Education
1438,Good Education
1439,Good Education
1440,Good Education
1441,Good Education
1442,Good Education
1443,Good Education
1444,Good Education
1445,Good Education
1446,Good Education
1447,Good Education
1448,Good Education
1449,Good Education
1450,Good Education
1451,Good Education
1452,Good Education
1453,Good Education
1454,Good Education
1455,Good Education
1456,Good Education
1457,Good Education
1458,Good Education
1459,Good Education
1460,Good Education
1461,Good Education
1462,Good Education
1463,Good Education
1464,Good Education
1465,Good Education
1466,Good Education
1467,Good Education
1468,Good Education
1469,Good Education
1470,Good Education
1471,Good Education
1472,Good Education
1473,Good Education
1474,Good Education
1475,Good Education
1476,Good Education
1477,Good Education
1478,Good Education
1479,Good Education
1480,Good Education
1481,Good Education
1482,Good Education
1483,Good Education
1484,Good Education
1485,Good Education
1486,Good Education
1487,Good Education
1488,Good Education
1489,Good Education
1490,Good Education
1491,Good Education
1492,Good Education
1493,Good Education
1494,Good Education
1495,Good Education
1496,Good Education
1497,Good Education
1498,Good Education
1499,Good Education
1500,Good Education
1501,Good Education
1502,Good Education
1503,Good Education
1504,Good Education
1505,Good Education
1506,Good Education
1507,Good Education
1508,Good Education
1509,Good Education
1510,Good Education
1511,Good Education
1512,Good Education
1513,Good Education
1514,Good Education
1515,Good Education
1516,Good Education
1517,Good Education
1518,Good Education
1519,Good Education
1520,Good Education
1521,Good Education
1522,Good Education
1523,Good Education
1524,Good Education
1525,Good Education
1526,Good Education
1527,Good Education
1528,Good Education
1529,Good Education
1530,Good Education
1531,Good Education
1532,Good Education
1533,Good Education
1534,Good Education
1535,Good Education
1536,Good Education
1537,Good Education
1538,Good Education
1539,Good Education
1540,Good Education
1541,Good Education
1542,Good Education
1543,Good Education
1544,Good Education
1545,Good Education
1546,Good Education
1547,Good Education
1548,Good Education
1549,Good Education
1550,Good Education
1551,Good Education
1552,Good Education
1553,Good Education
1554,Good Education
1555,Good Education
1556,Good Education
1557,Good Education
1558,Good Education
1559,Good Education
1560,Good Education
1561,Good Education
1562,Good Education
1563,Good Education
1564,Good Education
1565,Good Education
1566,Good Education
1567,Good Education
1568,Good Education
1569,Good Education
1570,Good Education
1571,Good Education
1572,Good Education
1573,Good Education
1574,Good Education
1575,Good Education
1576,Good Education
1577,Good Education
1578,Good Education
1579,Good Education
1580,Good Education
1581,Good Education
1582,Good Education
1583,Good Education
1584,Good Education
1585,Good Education
1586,Good Education
1587,Good Education
1588,Good Education
1589,Good Education
1590,Good Education
1591,Good Education
1592,Good Education
1593,Good Education
1594,Good Education
1595,Good Education
1596,Good Education
1597,Good Education
1598,Good Education
1599,Good Education
1600,Good Education
1601,Good Education
1602,Good Education
1603,Good Education
1604,Good Education
1605,Good Education
1606,Good Education
1607,Good Education
1608,Good Education
1609,Good Education
1610,Good Education
1611,Good Education
1612,Good Education
1613,Good Education
1614,Good Education
1615,Good Education
1616,Good Education
1617,Good Education
1618,Good Education
1619,Good Education
1620,Good Education
1621,Good Education
1622,Good Education
1623,Good Education
1624,Good Education
1625,Good Education
1626,Good Education
1627,Good Education
1628,Good Education
1629,Good Education
1630,Good Education
1631,Good Education
1632,Good Education
1633,Good Education
1634,Good Education
1635,Good Education
1636,Good Education
1637,Good Education
1638,Good Education
1639,Good Education
1640,Good Education
1641,Good Education
1642,Good Education
1643,Good Education
1644,Good Education
1645,Good Education
1646,Good Education
1647,Good Education
1648,Good Education
1649,Good Education
1650,Good Education
1651,Good Education
1652,Good Education
1653,Good Education
1654,Good Education
1655,Good Education
1656,Good Education
1657,Good Education
1658,Good Education
1659,Good Education
1660,Good Education
1661,Good Education
1662,Good Education
1663,Good Education
1664,Good Education
1665,Good Education
1666,Good Education
1667,Good Education
1668,Good Education
1669,Good Education
1670,Good Education
1671,Good Education
1672,Good Education
1673,Good Education
1674,Good Education
1675,Good Education
1676,Good Education
1677,Good Education
1678,Good Education
1679,Good Education
1680,Good Education
1681,Good Education
1682,Good Education
1683,Good Education
1684,Good Education
1685,Good Education
1686,Good Education
1687,Good Education
1688,Good Education
1689,Good Education
1690,Good Education
1691,Good Education
1692,Good Education
1693,Good Education
1694,Good Education
1695,Good Education
1696,Good Education
1697,Good Education
1698,Good Education
1699,Good Education
1700,Good Education
1701,Good Education
1702,Good Education
1703,Good Education
1704,Good Education
1705,Good Education
1706,Good Education
1707,Good Education
1708,Good Education
1709,Good Education
1710,Good Education
1711,Good Education
1712,Good Education
1713,Good Education
1714,Good Education
1715,Good Education
1716,Good Education
1717,Good Education
1718,Good Education
1719,Good Education
1720,Good Education
1721,Family
1722,Family
1723,Family
1724,Family
1725,Family
1726,Family
1727,Family
1728,Family
1729,Family
1730,Family
1731,Family
1732,Family
1733,Family
1734,Family
1735,Family
1736,Family
1737,Family
1738,Family
1739,Family
1740,Family
1741,Family
1742,Family
1743,Family
1744,Family
1745,Family
1746,Family
1747,Family
1748,Family
1749,Family
1750,Family
1751,Family
1752,Family
1753,Family
1754,Family
1755,Family
1756,Family
1757,Family
1758,Family
1759,Family
1760,Family
1761,Family
1762,Family
1763,Family
1764,Family
1765,Family
1766,Family
1767,Family
1768,Family
1769,Family
1770,Family
1771,Family
1772,Family
1773,Family
1774,Family
1775,Family
1776,Family
1777,Family
1778,Family
1779,Family
1780,Family
1781,Family
1782,Family
1783,Family
1784,Family
1785,Family
1786,Family
1787,Family
1788,Family
1789,Family
1790,Family
1791,Family
1792,Family
1793,Family
1794,Family
1795,Family
1796,Family
1797,Family
1798,Family
1799,Family
1800,Family
1801,Family
1802,Family
1803,Family
1804,Family
1805,Family
1806,Family
1807,Family
1808,Family
1809,Family
1810,Family
1811,Family
1812,Family
1813,Family
1814,Family
1815,Family
1816,Family
1817,Family
1818,Family
1819,Family
1820,Family
1821,Family
1822,Family
1823,Family
1824,Family
1825,Family
1826,Family
1827,Family
1828,Family
1829,Family
1830,Family
1831,Family
1832,Family
1833,Family
1834,Family
1835,Family
1836,Family
1837,Family
1838,Family
1839,Family
1840,Family
1841,Family
1842,Family
1843,Family
1844,Family
1845,Family
1846,Family
1847,Family
1848,Family
1849,Family
1850,Family
1851,Family
1852,Family
1853,Family
1854,Family
1855,Family
1856,Family
1857,Family
1858,Family
1859,Family
1860,Family
1861,Family
1862,Family
1863,Family
1864,Family
1865,Family
1866,Family
1867,Family
1868,Family
1869,Family
1870,Family
1871,Family
1872,Family
1873,Family
1874,Family
1875,Family
1876,Family
1877,Family
1878,Family
1879,Family
1880,Family
1881,Family
1882,Family
1883,Family
1884,Family
1885,Family
1886,Family
1887,Family
1888,Family
1889,Family
1890,Family
1891,Family
1892,Family
1893,Family
1894,Family
1895,Family
1896,Family
1897,Family
1898,Family
1899,Family
1900,Family
1901,Family
1902,Family
1903,Family
1904,Family
1905,Family
1906,Family
1907,Family
1908,Family
1909,Family
1910,Family
1911,Family
1912,Family
1913,Family
1914,Family
1915,Family
1916,Family
1917,Family
1918,Family
1919,Family
1920,Family
1921,Family
1922,Family
1923,Family
1924,Family
1925,Family
1926,Family
1927,Family
1928,Family
1929,Family
1930,Family
1931,Family
1932,Family
1933,Family
1934,Family
1935,Family
1936,Family
1937,Family
1938,Family
1939,Family
1940,Family
1941,Family
1942,Family
1943,Family
1944,Family
1945,Family
1946,Family
1947,Family
1948,Family
1949,Family
1950,Family
1951,Family
1952,Family
1953,Family
1954,Family
1955,Family
1956,Family
1957,Family
1958,Family
1959,Family
1960,Family
1961,Family
1962,Family
1963,Family
1964,Family
1965,Family
1966,Family
1967,Family
1968,Family
1969,Family
1970,Family
1971,Family
1972,Family
1973,Family
1974,Family
1975,Family
1976,Family
1977,Family
1978,Family
1979,Family
1980,Family
1981,Family
1982,Family
1983,Family
1984,Family
1985,Family
1986,Family
1987,Family
1988,Family
1989,Family
1990,Family
1991,Family
1992,Family
1993,Family
1994,Family
1995,Family
1996,Family
1997,Family
1998,Family
1999,Family
2000,Family
2001,Family
2002,Family
2003,Family
2004,Family
2005,Family
2006,Family
2007,Family
2008,Family
2009,Family
2010,Family
2011,Family
2012,Family
2013,Family
2014,Family
2015,Family
2016,Family
2017,Family
2018,Family
2019,Family
2020,Family
2021,Family
2022,Family
2023,Family
2024,Family
2025,Family
2026,Family
2027,Family
2028,Family
2029,Family
2030,Family
2031,Family
2032,Family
2033,Family
2034,Family
2035,Family
2036,Family
2037,Family
2038,Family
2039,Family
2040,Family
2041,Family
2042,Family
2043,Family
2044,Family
2045,Family
2046,Family
2047,Family
2048,Family
2049,Family
2050,Family
2051,Family
2052,Family
2053,Family
2054,Family
2055,Family
2056,Family
2057,Family
2058,Family
2059,Family
2060,Family
2061,Family
2062,Family
2063,Family
2064,Family
2065,Family
2066,Family
2067,Family
2068,Family
2069,Family
2070,Family
2071,Family
2072,Family
2073,Family
2074,Family
2075,Family
2076,Family
2077,Family
2078,Family
2079,Family
2080,Family
2081,Family
2082,Family
2083,Family
2084,Family
2085,Family
2086,Family
2087,Family
2088,Family
2089,Family
2090,Family
2091,Family
2092,Family
2093,Family
2094,Family
2095,Family
2096,Family
2097,Family
2098,Family
2099,Family
2100,Family
2101,Family
2102,Family
2103,Family
2104,Family
2105,Family
2106,Family
2107,Family
2108,Family
2109,Family
2110,Family
2111,Family
2112,Family
2113,Family
2114,Family
2115,Family
2116,Family
2117,Family
2118,Family
2119,Family
2120,Family
2121,Family
2122,Family
2123,Family
2124,Family
2125,Family
2126,Family
2127,Family
2128,Family
2129,Family
2130,Family
2131,Family
2132,Family
2133,Family
2134,Family
2135,Family
2136,Family
2137,Family
2138,Family
2139,Family
2140,Family
2141,Family
2142,Support
2143,Support
2144,Support
2145,Support
2146,Support
2147,Support
2148,Support
2149,Support
2150,Support
2151,Support
2152,Support
2153,Support
2154,Support
2155,Support
2156,Support
2157,Support
2158,Support
2159,Support
2160,Support
2161,Support
2162,Support
2163,Support
2164,Support
2165,Support
2166,Support
2167,Support
2168,Support
2169,Support
2170,Support
2171,Support
2172,Support
2173,Support
2174,Support
2175,Support
2176,Support
2177,Support
2178,Support
2179,Support
2180,Support
2181,Support
2182,Support
2183,Support
2184,Support
2185,Support
2186,Support
2187,Support
2188,Support
2189,Support
2190,Support
2191,Support
2192,Support
2193,Support
2194,Support
2195,Support
2196,Support
2197,Support
2198,Support
2199,Support
2200,Support
2201,Support
2202,Support
2203,Support
2204,Support
2205,Support
2206,Support
2207,Support
2208,Support
2209,Support
2210,Support
2211,Support
2212,Support
2213,Support
2214,Support
2215,Support
2216,Support
2217,Support
2218,Support
2219,Support
2220,Support
2221,Support
2222,Support
2223,Support
2224,Support
2225,Support
2226,Support
2227,Support
2228,Support
2229,Support
2230,Support
2231,Support
2232,Support
2233,Support
2234,Support
2235,Support
2236,Support
2237,Support
2238,Support
2239,Support
2240,Support
2241,Support
2242,Support
2243,Support
2244,Support
2245,Support
2246,Support
2247,Support
2248,Support
2249,Support
2250,Support
2251,Support
2252,Support
2253,Support
2254,Support
2255,Support
2256,Support
2257,Support
2258,Support
2259,Support
2260,Support
2261,Support
2262,Support
2263,Support
2264,Support
2265,Support
2266,Support
2267,Support
2268,Support
2269,Support
2270,Support
2271,Support
2272,Support
2273,Support
2274,Support
2275,Support
2276,Support
2277,Support
2278,Support
2279,Support
2280,Support
2281,Support
2282,Support
2283,Support
2284,Support
2285,Support
2286,Support
2287,Support
2288,Support
2289,Support
2290,Support
2291,Support
2292,Support
2293,Support
2294,Support
2295,Support
2296,Support
2297,Support
2298,Support
2299,Support
2300,Support
2301,Support
2302,Support
2303,Support
2304,Support
2305,Support
2306,Support
2307,Support
2308,Support
2309,Support
2310,Support
2311,Support
2312,Support
2313,Support
2314,Support
2315,Support
2316,Support
2317,Support
2318,Support
2319,Support
2320,Support
2321,Support
2322,Support
2323,Support
2324,Support
2325,Support
2326,Support
2327,Support
2328,Support
2329,Support
2330,Support
2331,Support
2332,Support
2333,Support
2334,Support
2335,Support
2336,Support
2337,Support
2338,Support
2339,Support
2340,Support
2341,Support
2342,Support
2343,Support
2344,Support
2345,Support
2346,Support
2347,Support
2348,Support
2349,Support
2350,Support
2351,Support
2352,Support
2353,Support
2354,Support
2355,Support
2356,Support
2357,Support
2358,Support
2359,Support
2360,Support
2361,Support
2362,Support
2363,Support
2364,Support
2365,Support
2366,Support
2367,Support
2368,Support
2369,Support
2370,Support
2371,Support
2372,Support
2373,Support
2374,Support
2375,Support
2376,Support
2377,Support
2378,Support
2379,Support
2380,Support
2381,Support
2382,Support
2383,Support
2384,Support
2385,Support
2386,Support
2387,Support
2388,Support
2389,Support
2390,Support
2391,Support
2392,Support
2393,Support
2394,Support
2395,Support
2396,Support
2397,Support
2398,Support
2399,Support
2400,Support
2401,Support
2402,Support
2403,Support
2404,Support
2405,Support
2406,Support
2407,Support
2408,Support
2409,Support
2410,Support
2411,Support
2412,Support
2413,Support
2414,Support
2415,Support
2416,Support
2417,Support
2418,Support
2419,Support
2420,Support
2421,Support
2422,Support
2423,Support
2424,Support
2425,Support
2426,Support
2427,Support
2428,Support
2429,Support
2430,Support
2431,Support
2432,Support
2433,Support
2434,Support
2435,Support
2436,Support
2437,Support
2438,Support
2439,Support
2440,Support
2441,Support
2442,Support
2443,Support
2444,Support
2445,Support
2446,Support
2447,Support
2448,Support
2449,Support
2450,Support
2451,Support
2452,Support
2453,Support
2454,Support
2455,Support
2456,Support
2457,Support
2458,Support
2459,Support
2460,Support
2461,Support
2462,Support
2463,Support
2464,Support
2465,Support
2466,Support
2467,Support
2468,Support
2469,Support
2470,Support
2471,Support
2472,Support
2473,Job
2474,Job
2475,Job
2476,Job
2477,Job
2478,Job
2479,Job
2480,Job
2481,Job
2482,Job
2483,Job
2484,Job
2485,Job
2486,Job
2487,Job
2488,Job
2489,Job
2490,Job
2491,Job
2492,Job
2493,Job
2494,Job
2495,Job
2496,Job
2497,Job
2498,Job
2499,Job
2500,Job
2501,Job
2502,Job
2503,Job
2504,Job
2505,Job
2506,Job
2507,Job
2508,Job
2509,Job
2510,Job
2511,Job
2512,Job
2513,Job
2514,Job
2515,Job
2516,Job
2517,Job
2518,Job
2519,Job
2520,Job
2521,Job
2522,Job
2523,Job
2524,Job
2525,Job
2526,Job
2527,Job
2528,Job
2529,Job
2530,Job
2531,Job
2532,Job
2533,Job
2534,Job
2535,Job
2536,Job
2537,Job
2538,Job
2539,Job
2540,Job
2541,Job
2542,Job
2543,Job
2544,Job
2545,Job
2546,Job
2547,Job
2548,Job
2549,Job
2550,Job
2551,Job
2552,Job
2553,Job
2554,Job
2555,Job
2556,Job
2557,Job
2558,Job
2559,Job
2560,Job
2561,Job
2562,Job
2563,Job
2564,Job
2565,Job
2566,Job
2567,Job
2568,Job
2569,Job
2570,Job
2571,Job
2572,Job
2573,Job
2574,Job
2575,Job
2576,Job
2577,Job
2578,Job
2579,Job
2580,Job
2581,Job
2582,Job
2583,Job
2584,Job
2585,Job
2586,Job
2587,Job
2588,Job
2589,Job
2590,Job
2591,Job
2592,Job
2593,Job
2594,Job
2595,Job
2596,Job
2597,Job
2598,Job
2599,Job
2600,Job
2601,Job
2602,Job
2603,Job
2604,Job
2605,Job
2606,Job
2607,Job
2608,Job
2609,Job
2610,Job
2611,Job
2612,Job
2613,Job
2614,Job
2615,Job
2616,Job
2617,Job
2618,Job
2619,Job
2620,Job
2621,Job
2622,Job
2623,Job
2624,Job
2625,Job
2626,Job
2627,Job
2628,Job
2629,Job
2630,Job
2631,Job
2632,Job
2633,Job
2634,Job
2635,Job
2636,Job
2637,Job
2638,Job
2639,Job
2640,Job
2641,Job
2642,Job
2643,Job
2644,Job
2645,Job
2646,Job
2647,Job
2648,Job
2649,Job
2650,Job
2651,Job
2652,Job
2653,Job
2654,Job
2655,Job
2656,Job
2657,Job
2658,Job
2659,Job
2660,Job
2661,Job
2662,Job
2663,Job
2664,Job
2665,Job
2666,Job
2667,Job
2668,Job
2669,Job
2670,Job
2671,Job
2672,Work
2673,Work
2674,Work
2675,Work
2676,Work
2677,Work
2678,Work
2679,Work
2680,Work
2681,Work
2682,Work
2683,Work
2684,Work
2685,Work
2686,Work
2687,Work
2688,Work
2689,Work
2690,Work
2691,Work
2692,Work
2693,Work
2694,Work
2695,Work
2696,Work
2697,Work
2698,Work
2699,Work
2700,Work
2701,Work
2702,Work
2703,Work
2704,Work
2705,Work
2706,Work
2707,Work
2708,Work
2709,Work
2710,Work
2711,Work
2712,Work
2713,Work
2714,Work
2715,Work
2716,Work
2717,Work
2718,Work
2719,Work
2720,Work
2721,Work
2722,Work
2723,Work
2724,Work
2725,Work
2726,Work
2727,Work
2728,Work
2729,Work
2730,Work
2731,Work
2732,Work
2733,Work
2734,Work
2735,Work
2736,Work
2737,Work
2738,Work
2739,Work
2740,Work
2741,Work
2742,Work
2743,Work
2744,Work
2745,Work
2746,Work
2747,Work
2748,Work
2749,Work
2750,Work
2751,Work
2752,Work
2753,Work
2754,Work
2755,Work
2756,Work
2757,Work
2758,Work
2759,Work
2760,Work
2761,Work
2762,Work
2763,Work
2764,Work
2765,Work
2766,Work
2767,Work
2768,Work
2769,Work
2770,Work
2771,Work
2772,Work
2773,Work
2774,Work
2775,Work
2776,Work
2777,Work
2778,Work
2779,Work
2780,Work
2781,Work
2782,Work
2783,Work
2784,Work
2785,Work
2786,Work
2787,Work
2788,Work
2789,Work
2790,Work
2791,Work
2792,Work
2793,Work
2794,Work
2795,Work
2796,Work
2797,Work
2798,Work
2799,Work
2800,Work
2801,Work
2802,Work
2803,Work
2804,Work
2805,Work
2806,Work
2807,Work
2808,Work
2809,Work
2810,Work
2811,Work
2812,Work
2813,Work
2814,Work
2815,Work
2816,Work
2817,Work
2818,Work
2819,Work
2820,Work
2821,Work
2822,Work
2823,Work
2824,Work
2825,Work
2826,Work
2827,Work
2828,Work
2829,Work
2830,Work
2831,Work
2832,Work
2833,Work
2834,Work
2835,Work
2836,Work
2837,Work
2838,Work
2839,Work
2840,Work
2841,Work
2842,Work
2843,Work
2844,Work
2845,Work
2846,Access
2847,Access
2848,Access
2849,Access
2850,Access
2851,Access
2852,Access
2853,Access
2854,Access
2855,Access
2856,Access
2857,Access
2858,Access
2859,Access
2860,Access
2861,Access
2862,Access
2863,Access
2864,Access
2865,Access
2866,Access
2867,Access
2868,Access
2869,Access
2870,Access
2871,Access
2872,Access
2873,Access
2874,Access
2875,Access
2876,Access
2877,Access
2878,Access
2879,Access
2880,Access
2881,Access
2882,Access
2883,Access
2884,Access
2885,Access
2886,Access
2887,Access
2888,Access
2889,Access
2890,Access
2891,Access
2892,Access
2893,Access
2894,Access
2895,Access
2896,Access
2897,Access
2898,Access
2899,Access
2900,Access
2901,Access
2902,Access
2903,Access
2904,Access
2905,Access
2906,Access
2907,Access
2908,Access
2909,Access
2910,Access
2911,Access
2912,Access
2913,Access
2914,Access
2915,Access
2916,Access
2917,Access
2918,Access
2919,Access
2920,Access
2921,Access
2922,Access
2923,Access
2924,Access
2925,Access
2926,Access
2927,Access
2928,Access
2929,Access
2930,Access
2931,Access
2932,Access
2933,Access
2934,Access
2935,Access
2936,Access
2937,Access
2938,Access
2939,Access
2940,Access
2941,Access
2942,Access
2943,Access
2944,Access
2945,Access
2946,Access
2947,Access
2948,Access
2949,Access
2950,Access
2951,Access
2952,Access
2953,Access
2954,Access
2955,Access
2956,Access
2957,Access
2958,Access
2959,Access
2960,Access
2961,Access
2962,Access
2963,Access
2964,Access
2965,Access
2966,Access
2967,Access
2968,Access
2969,Access
2970,Access
2971,Access
2972,Access
2973,Access
2974,Access
2975,Access
2976,Access
2977,Access
2978,Access
2979,Access
2980,Access
2981,Access
2982,Access
2983,Access
2984,Access
2985,Access
2986,Access
2987,Access
2988,Access
2989,Access
2990,Access
2991,Access
2992,Access
2993,Access
2994,Access
2995,Access
2996,Access
2997,Access
2998,Access
2999,Access
3000,Access
3001,Access
3002,Access
3003,Access
3004,Access
3005,Access
3006,Access
3007,Access
3008,Access
3009,Access
3010,Access
3011,Access
3012,Access
3013,Access
3014,Access
3015,Access
3016,Access
3017,Access
3018,Access
3019,Good Job
3020,Good Job
3021,Good Job
3022,Good Job
3023,Good Job
3024,Good Job
3025,Good Job
3026,Good Job
3027,Good Job
3028,Good Job
3029,Good Job
3030,Good Job
3031,Good Job
3032,Good Job
3033,Good Job
3034,Good Job
3035,Good Job
3036,Good Job
3037,Good Job
3038,Good Job
3039,Good Job
3040,Good Job
3041,Good Job
3042,Good Job
3043,Good Job
3044,Good Job
3045,Good Job
3046,Good Job
3047,Good Job
3048,Good Job
3049,Good Job
3050,Good Job
3051,Good Job
3052,Good Job
3053,Good Job
3054,Good Job
3055,Good Job
3056,Good Job
3057,Good Job
3058,Good Job
3059,Good Job
3060,Good Job
3061,Good Job
3062,Good Job
3063,Good Job
3064,Good Job
3065,Good Job
3066,Good Job
3067,Good Job
3068,Good Job
3069,Good Job
3070,Good Job
3071,Good Job
3072,Good Job
3073,Good Job
3074,Good Job
3075,Good Job
3076,Good Job
3077,Good Job
3078,Good Job
3079,Good Job
3080,Good Job
3081,Good Job
3082,Good Job
3083,Good Job
3084,Good Job
3085,Good Job
3086,Good Job
3087,Good Job
3088,Good Job
3089,Good Job
3090,Good Job
3091,Good Job
3092,Good Job
3093,Good Job
3094,Good Job
3095,Good Job
3096,Good Job
3097,Good Job
3098,Good Job
3099,Good Job
3100,Good Job
3101,Good Job
3102,Good Job
3103,Good Job
3104,Good Job
3105,Good Job
3106,Good Job
3107,Good Job
3108,Good Job
3109,Good Job
3110,Good Job
3111,Good Job
3112,Good Job
3113,Good Job
3114,Good Job
3115,Good Job
3116,Good Job
3117,Good Job
3118,Good Job
3119,Good Job
3120,Good Job
3121,Good Job
3122,Good Job
3123,Good Job
3124,Good Job
3125,Good Job
3126,Good Job
3127,Good Job
3128,Good Job
3129,Good Job
3130,Good Job
3131,Good Job
3132,Good Job
3133,Good Job
3134,Good Job
3135,Good Job
3136,Good Job
3137,Good Job
3138,Good Job
3139,Good Job
3140,Good Job
3141,Good Job
3142,Good Job
3143,Good Job
3144,Good Job
3145,Good Job
3146,Good Job
3147,Good Job
3148,Good Job
3149,Good Job
3150,Good Job
3151,Good Job
3152,Good Job
3153,Good Job
3154,Good Job
3155,Good Job
3156,Good Job
3157,Good Job
3158,Experience
3159,Experience
3160,Experience
3161,Experience
3162,Experience
3163,Experience
3164,Experience
3165,Experience
3166,Experience
3167,Experience
3168,Experience
3169,Experience
3170,Experience
3171,Experience
3172,Experience
3173,Experience
3174,Experience
3175,Experience
3176,Experience
3177,Experience
3178,Experience
3179,Experience
3180,Experience
3181,Experience
3182,Experience
3183,Experience
3184,Experience
3185,Experience
3186,Experience
3187,Experience
3188,Experience
3189,Experience
3190,Experience
3191,Experience
3192,Experience
3193,Experience
3194,Experience
3195,Experience
3196,Experience
3197,Experience
3198,Experience
3199,Experience
3200,Experience
3201,Experience
3202,Experience
3203,Experience
3204,Experience
3205,Experience
3206,Experience
3207,Experience
3208,Experience
3209,Experience
3210,Experience
3211,Experience
3212,Experience
3213,Experience
3214,Experience
3215,Experience
3216,Experience
3217,Experience
3218,Experience
3219,Experience
3220,Experience
3221,Experience
3222,Experience
3223,Experience
3224,Experience
3225,Experience
3226,Experience
3227,Experience
3228,Experience
3229,Experience
3230,Experience
3231,Experience
3232,Experience
3233,Experience
3234,Experience
3235,Experience
3236,Experience
3237,Experience
3238,Experience
3239,Experience
3240,Experience
3241,Experience
3242,Experience
3243,Experience
3244,Experience
3245,Experience
3246,Experience
3247,Experience
3248,Experience
3249,Experience
3250,Experience
3251,Experience
3252,Experience
3253,Experience
3254,Experience
3255,Experience
3256,Experience
3257,Experience
3258,Experience
3259,Experience
3260,Experience
3261,Experience
3262,Experience
3263,Experience
3264,Experience
3265,Experience
3266,Experience
3267,Experience
3268,Experience
3269,Experience
3270,Experience
3271,Experience
3272,Experience
3273,Experience
3274,Experience
3275,Experience
3276,Experience
3277,Experience
3278,Experience
3279,Life
3280,Life
3281,Life
3282,Life
3283,Life
3284,Life
3285,Life
3286,Life
3287,Life
3288,Life
3289,Life
3290,Life
3291,Life
3292,Life
3293,Life
3294,Life
3295,Life
3296,Life
3297,Life
3298,Life
3299,Life
3300,Life
3301,Life
3302,Life
3303,Life
3304,Life
3305,Life
3306,Life
3307,Life
3308,Life
3309,Life
3310,Life
3311,Life
3312,Life
3313,Life
3314,Life
3315,Life
3316,Life
3317,Life
3318,Life
3319,Life
3320,Life
3321,Life
3322,Life
3323,Life
3324,Life
3325,Life
3326,Life
3327,Life
3328,Life
3329,Life
3330,Life
3331,Life
3332,Life
3333,Life
3334,Life
3335,Life
3336,Life
3337,Life
3338,Life
3339,Life
3340,Life
3341,Life
3342,Life
3343,Life
3344,Life
3345,Life
3346,Life
3347,Life
3348,Life
3349,Life
3350,Life
3351,Life
3352,Life
3353,Life
3354,Life
3355,Life
3356,Life
3357,Life
3358,Life
3359,Life
3360,Life
3361,Life
3362,Life
3363,Life
3364,Life
3365,Life
3366,Life
3367,Life
3368,Life
3369,Life
3370,Life
3371,Life
3372,Life
3373,Life
3374,Life
3375,Life
3376,Life
3377,Life
3378,Life
3379,Life
3380,Life
3381,Life
3382,Life
3383,Life
3384,Life
3385,Life
3386,Life
3387,Life
3388,Life
3389,Life
3390,Life
3391,Life
3392,Life
3393,Money
3394,Money
3395,Money
3396,Money
3397,Money
3398,Money
3399,Money
3400,Money
3401,Money
3402,Money
3403,Money
3404,Money
3405,Money
3406,Money
3407,Money
3408,Money
3409,Money
3410,Money
3411,Money
3412,Money
3413,Money
3414,Money
3415,Money
3416,Money
3417,Money
3418,Money
3419,Money
3420,Money
3421,Money
3422,Money
3423,Money
3424,Money
3425,Money
3426,Money
3427,Money
3428,Money
3429,Money
3430,Money
3431,Money
3432,Money
3433,Money
3434,Money
3435,Money
3436,Money
3437,Money
3438,Money
3439,Money
3440,Money
3441,Money
3442,Money
3443,Money
3444,Money
3445,Money
3446,Money
3447,Money
3448,Money
3449,Money
3450,Money
3451,Money
3452,Money
3453,Money
3454,Money
3455,Money
3456,Money
3457,Money
3458,Money
3459,Money
3460,Money
3461,Money
3462,Money
3463,Money
3464,Money
3465,Money
3466,Money
3467,Money
3468,Money
3469,Money
3470,Money
3471,Money
3472,Money
3473,Money
3474,Money
3475,Money
3476,Money
3477,Money
3478,Money
3479,Money
3480,Money
3481,Money
3482,Money
3483,Money
3484,Money
3485,Money
3486,Money
3487,Money
3488,Money
3489,Money
3490,Money
3491,Money
3492,Money
3493,Money
3494,Money
3495,Money
3496,Money
3497,Money
3498,Business
3499,Business
3500,Business
3501,Business
3502,Business
3503,Business
3504,Business
3505,Business
3506,Business
3507,Business
3508,Business
3509,Business
3510,Business
3511,Business
3512,Business
3513,Business
3514,Business
3515,Business
3516,Business
3517,Business
3518,Business
3519,Business
3520,Business
3521,Business
3522,Business
3523,Business
3524,Business
3525,Business
3526,Business
3527,Business
3528,Business
3529,Business
3530,Business
3531,Business
3532,Business
3533,Business
3534,Business
3535,Business
3536,Business
3537,Business
3538,Business
3539,Business
3540,Business
3541,Business
3542,Business
3543,Business
3544,Business
3545,Business
3546,Business
3547,Business
3548,Business
3549,Business
3550,Business
3551,Business
3552,Business
3553,Business
3554,Business
3555,Business
3556,Business
3557,Business
3558,Business
3559,Business
3560,Business
3561,Business
3562,Business
3563,Business
3564,Business
3565,Business
3566,Business
3567,Business
3568,Business
3569,Business
3570,Business
3571,Business
3572,Business
3573,Business
3574,Business
3575,Business
3576,Business
3577,Business
3578,Business
3579,Business
3580,Business
3581,Business
3582,Business
3583,Business
3584,Business
3585,Business
3586,Business
3587,Business
3588,Business
3589,Business
3590,Business
3591,Business
3592,Business
3593,Business
3594,Business
3595,Business
3596,Business
3597,Business
3598,Business
3599,Business
3600,Business
3601,Family Support
3602,Family Support
3603,Family Support
3604,Family Support
3605,Family Support
3606,Family Support
3607,Family Support
3608,Family Support
3609,Family Support
3610,Family Support
3611,Family Support
3612,Family Support
3613,Family Support
3614,Family Support
3615,Family Support
3616,Family Support
3617,Family Support
3618,Family Support
3619,Family Support
3620,Family Support
3621,Family Support
3622,Family Support
3623,Family Support
3624,Family Support
3625,Family Support
3626,Family Support
3627,Family Support
3628,Family Support
3629,Family Support
3630,Family Support
3631,Family Support
3632,Family Support
3633,Family Support
3634,Family Support
3635,Family Support
3636,Family Support
3637,Family Support
3638,Family Support
3639,Family Support
3640,Family Support
3641,Family Support
3642,Family Support
3643,Family Support
3644,Family Support
3645,Family Support
3646,Family Support
3647,Family Support
3648,Family Support
3649,Family Support
3650,Family Support
3651,Family Support
3652,Family Support
3653,Family Support
3654,Family Support
3655,Family Support
3656,Family Support
3657,Family Support
3658,Family Support
3659,Family Support
3660,Family Support
3661,Family Support
3662,Family Support
3663,Family Support
3664,Family Support
3665,Family Support
3666,Family Support
3667,Family Support
3668,Family Support
3669,Family Support
3670,Family Support
3671,Family Support
3672,Family Support
3673,Family Support
3674,Family Support
3675,Family Support
3676,Family Support
3677,Family Support
3678,Family Support
3679,Family Support
3680,Family Support
3681,Family Support
3682,Family Support
3683,Family Support
3684,Family Support
3685,Family Support
3686,Family Support
3687,Family Support
3688,Family Support
3689,Family Support
3690,Family Support
3691,Family Support
3692,Family Support
3693,Family Support
3694,Opportunity
3695,Opportunity
3696,Opportunity
3697,Opportunity
3698,Opportunity
3699,Opportunity
3700,Opportunity
3701,Opportunity
3702,Opportunity
3703,Opportunity
3704,Opportunity
3705,Opportunity
3706,Opportunity
3707,Opportunity
3708,Opportunity
3709,Opportunity
3710,Opportunity
3711,Opportunity
3712,Opportunity
3713,Opportunity
3714,Opportunity
3715,Opportunity
3716,Opportunity
3717,Opportunity
3718,Opportunity
3719,Opportunity
3720,Opportunity
3721,Opportunity
3722,Opportunity
3723,Opportunity
3724,Opportunity
3725,Opportunity
3726,Opportunity
3727,Opportunity
3728,Opportunity
3729,Opportunity
3730,Opportunity
3731,Opportunity
3732,Opportunity
3733,Opportunity
3734,Opportunity
3735,Opportunity
3736,Opportunity
3737,Opportunity
3738,Opportunity
3739,Opportunity
3740,Opportunity
3741,Opportunity
3742,Opportunity
3743,Opportunity
3744,Opportunity
3745,Opportunity
3746,Opportunity
3747,Opportunity
3748,Opportunity
3749,Opportunity
3750,Opportunity
3751,Opportunity
3752,Opportunity
3753,Opportunity
3754,Opportunity
3755,Opportunity
3756,Opportunity
3757,Opportunity
3758,Opportunity
3759,Opportunity
3760,Opportunity
3761,Opportunity
3762,Opportunity
3763,Opportunity
3764,Opportunity
3765,Opportunity
3766,Opportunity
3767,Opportunity
3768,Opportunity
3769,Opportunity
3770,Opportunity
3771,Opportunity
3772,Opportunity
3773,Opportunity
3774,Opportunity
3775,Opportunity
3776,Opportunity
3777,Opportunity
3778,Opportunity
3779,Opportunity
3780,Opportunity
3781,Opportunity
3782,Opportunity
3783,Opportunity
3784,Opportunity
3785,Opportunity
3786,Confidence
3787,Confidence
3788,Confidence
3789,Confidence
3790,Confidence
3791,Confidence
3792,Confidence
3793,Confidence
3794,Confidence
3795,Confidence
3796,Confidence
3797,Confidence
3798,Confidence
3799,Confidence
3800,Confidence
3801,Confidence
3802,Confidence
3803,Confidence
3804,Confidence
3805,Confidence
3806,Confidence
3807,Confidence
3808,Confidence
3809,Confidence
3810,Confidence
3811,Confidence
3812,Confidence
3813,Confidence
3814,Confidence
3815,Confidence
3816,Confidence
3817,Confidence
3818,Confidence
3819,Confidence
3820,Confidence
3821,Confidence
3822,Confidence
3823,Confidence
3824,Confidence
3825,Confidence
3826,Confidence
3827,Confidence
3828,Confidence
3829,Confidence
3830,Confidence
3831,Confidence
3832,Confidence
3833,Confidence
3834,Confidence
3835,Confidence
3836,Confidence
3837,Confidence
3838,Confidence
3839,Confidence
3840,Confidence
3841,Confidence
3842,Confidence
3843,Confidence
3844,Confidence
3845,Confidence
3846,Confidence
3847,Confidence
3848,Confidence
3849,Confidence
3850,Confidence
3851,Confidence
3852,Confidence
3853,Confidence
3854,Confidence
3855,Confidence
3856,Confidence
3857,Confidence
3858,Confidence
3859,Confidence
3860,Confidence
3861,Confidence
3862,Confidence
3863,Confidence
3864,Confidence
3865,Confidence
3866,Confidence
3867,Confidence
3868,Confidence
3869,Confidence
3870,Confidence
3871,Confidence
3872,Confidence
3873,Confidence
3874,Confidence
3875,Confidence
3876,Mother
3877,Mother
3878,Mother
3879,Mother
3880,Mother
3881,Mother
3882,Mother
3883,Mother
3884,Mother
3885,Mother
3886,Mother
3887,Mother
3888,Mother
3889,Mother
3890,Mother
3891,Mother
3892,Mother
3893,Mother
3894,Mother
3895,Mother
3896,Mother
3897,Mother
3898,Mother
3899,Mother
3900,Mother
3901,Mother
3902,Mother
3903,Mother
3904,Mother
3905,Mother
3906,Mother
3907,Mother
3908,Mother
3909,Mother
3910,Mother
3911,Mother
3912,Mother
3913,Mother
3914,Mother
3915,Mother
3916,Mother
3917,Mother
3918,Mother
3919,Mother
3920,Mother
3921,Mother
3922,Mother
3923,Mother
3924,Mother
3925,Mother
3926,Mother
3927,Mother
3928,Mother
3929,Mother
3930,Mother
3931,Mother
3932,Mother
3933,Mother
3934,Mother
3935,Mother
3936,Mother
3937,Mother
3938,Mother
3939,Mother
3940,Mother
3941,Mother
3942,Mother
3943,Mother
3944,Mother
3945,Mother
3946,Mother
3947,Mother
3948,Mother
3949,Mother
3950,Mother
3951,Mother
3952,Mother
3953,Mother
3954,Mother
3955,Mother
3956,Mother
3957,Mother
3958,Mother
3959,Mother
3960,Mother
3961,Mother
3962,Mother
3963,Mother
3964,Mother
3965,Mother
3966,Woman
3967,Woman
3968,Woman
3969,Woman
3970,Woman
3971,Woman
3972,Woman
3973,Woman
3974,Woman
3975,Woman
3976,Woman
3977,Woman
3978,Woman
3979,Woman
3980,Woman
3981,Woman
3982,Woman
3983,Woman
3984,Woman
3985,Woman
3986,Woman
3987,Woman
3988,Woman
3989,Woman
3990,Woman
3991,Woman
3992,Woman
3993,Woman
3994,Woman
3995,Woman
3996,Woman
3997,Woman
3998,Woman
3999,Woman
4000,Woman
4001,Woman
4002,Woman
4003,Woman
4004,Woman
4005,Woman
4006,Woman
4007,Woman
4008,Woman
4009,Woman
4010,Woman
4011,Woman
4012,Woman
4013,Woman
4014,Woman
4015,Woman
4016,Woman
4017,Woman
4018,Woman
4019,Woman
4020,Woman
4021,Woman
4022,Woman
4023,Woman
4024,Woman
4025,Woman
4026,Woman
4027,Woman
4028,Woman
4029,Woman
4030,Woman
4031,Woman
4032,Woman
4033,Woman
4034,Woman
4035,Woman
4036,Woman
4037,Woman
4038,Woman
4039,Woman
4040,Woman
4041,Woman
4042,Woman
4043,Woman
4044,Woman
4045,Woman
4046,Woman
4047,Woman
4048,Woman
4049,Woman
4050,Woman
4051,Hard Work
4052,Hard Work
4053,Hard Work
4054,Hard Work
4055,Hard Work
4056,Hard Work
4057,Hard Work
4058,Hard Work
4059,Hard Work
4060,Hard Work
4061,Hard Work
4062,Hard Work
4063,Hard Work
4064,Hard Work
4065,Hard Work
4066,Hard Work
4067,Hard Work
4068,Hard Work
4069,Hard Work
4070,Hard Work
4071,Hard Work
4072,Hard Work
4073,Hard Work
4074,Hard Work
4075,Hard Work
4076,Hard Work
4077,Hard Work
4078,Hard Work
4079,Hard Work
4080,Hard Work
4081,Hard Work
4082,Hard Work
4083,Hard Work
4084,Hard Work
4085,Hard Work
4086,Hard Work
4087,Hard Work
4088,Hard Work
4089,Hard Work
4090,Hard Work
4091,Hard Work
4092,Hard Work
4093,Hard Work
4094,Hard Work
4095,Hard Work
4096,Hard Work
4097,Hard Work
4098,Hard Work
4099,Hard Work
4100,Hard Work
4101,Hard Work
4102,Hard Work
4103,Hard Work
4104,Hard Work
4105,Hard Work
4106,Hard Work
4107,Hard Work
4108,Hard Work
4109,Hard Work
4110,Hard Work
4111,Hard Work
4112,Hard Work
4113,Hard Work
4114,Hard Work
4115,Hard Work
4116,Hard Work
4117,Hard Work
4118,Hard Work
4119,Hard Work
4120,Hard Work
4121,Hard Work
4122,Hard Work
4123,Hard Work
4124,Hard Work
4125,Hard Work
4126,Hard Work
4127,Hard Work
4128,Hard Work
4129,Hard Work
4130,Hard Work
4131,Hard Work
4132,Hard Work
4133,Hard Work
4134,Husband
4135,Husband
4136,Husband
4137,Husband
4138,Husband
4139,Husband
4140,Husband
4141,Husband
4142,Husband
4143,Husband
4144,Husband
4145,Husband
4146,Husband
4147,Husband
4148,Husband
4149,Husband
4150,Husband
4151,Husband
4152,Husband
4153,Husband
4154,Husband
4155,Husband
4156,Husband
4157,Husband
4158,Husband
4159,Husband
4160,Husband
4161,Husband
4162,Husband
4163,Husband
4164,Husband
4165,Husband
4166,Husband
4167,Husband
4168,Husband
4169,Husband
4170,Husband
4171,Husband
4172,Husband
4173,Husband
4174,Husband
4175,Husband
4176,Husband
4177,Husband
4178,Husband
4179,Husband
4180,Husband
4181,Husband
4182,Husband
4183,Husband
4184,Husband
4185,Husband
4186,Husband
4187,Husband
4188,Husband
4189,Husband
4190,Husband
4191,Husband
4192,Husband
4193,Husband
4194,Husband
4195,Husband
4196,Husband
4197,Husband
4198,Husband
4199,Husband
4200,Husband
4201,Husband
4202,Husband
4203,Husband
4204,Husband
4205,Husband
4206,Husband
4207,Husband
4208,Husband
4209,Husband
4210,Husband
4211,Husband
4212,Husband
4213,Husband
4214,Husband
4215,Husband
4216,Determination
4217,Determination
4218,Determination
4219,Determination
4220,Determination
4221,Determination
4222,Determination
4223,Determination
4224,Determination
4225,Determination
4226,Determination
4227,Determination
4228,Determination
4229,Determination
4230,Determination
4231,Determination
4232,Determination
4233,Determination
4234,Determination
4235,Determination
4236,Determination
4237,Determination
4238,Determination
4239,Determination
4240,Determination
4241,Determination
4242,Determination
4243,Determination
4244,Determination
4245,Determination
4246,Determination
4247,Determination
4248,Determination
4249,Determination
4250,Determination
4251,Determination
4252,Determination
4253,Determination
4254,Determination
4255,Determination
4256,Determination
4257,Determination
4258,Determination
4259,Determination
4260,Determination
4261,Determination
4262,Determination
4263,Determination
4264,Determination
4265,Determination
4266,Determination
4267,Determination
4268,Determination
4269,Determination
4270,Determination
4271,Determination
4272,Determination
4273,Determination
4274,Determination
4275,Determination
4276,Determination
4277,Determination
4278,Determination
4279,Determination
4280,Determination
4281,Determination
4282,Determination
4283,Determination
4284,Determination
4285,Determination
4286,Determination
4287,Determination
4288,Determination
4289,Determination
4290,Determination
4291,Determination
4292,Determination
4293,Determination
4294,Determination
4295,Determination
4296,Determination
4297,Role
4298,Role
4299,Role
4300,Role
4301,Role
4302,Role
4303,Role
4304,Role
4305,Role
4306,Role
4307,Role
4308,Role
4309,Role
4310,Role
4311,Role
4312,Role
4313,Role
4314,Role
4315,Role
4316,Role
4317,Role
4318,Role
4319,Role
4320,Role
4321,Role
4322,Role
4323,Role
4324,Role
4325,Role
4326,Role
4327,Role
4328,Role
4329,Role
4330,Role
4331,Role
4332,Role
4333,Role
4334,Role
4335,Role
4336,Role
4337,Role
4338,Role
4339,Role
4340,Role
4341,Role
4342,Role
4343,Role
4344,Role
4345,Role
4346,Role
4347,Role
4348,Role
4349,Role
4350,Role
4351,Role
4352,Role
4353,Role
4354,Role
4355,Role
4356,Role
4357,Role
4358,Role
4359,Role
4360,Role
4361,Role
4362,Role
4363,Role
4364,Role
4365,Role
4366,Role
4367,Role
4368,Role
4369,Role
4370,Role
4371,Role
4372,Role
4373,Role
4374,Role
4375,Role
4376,Society
4377,Society
4378,Society
4379,Society
4380,Society
4381,Society
4382,Society
4383,Society
4384,Society
4385,Society
4386,Society
4387,Society
4388,Society
4389,Society
4390,Society
4391,Society
4392,Society
4393,Society
4394,Society
4395,Society
4396,Society
4397,Society
4398,Society
4399,Society
4400,Society
4401,Society
4402,Society
4403,Society
4404,Society
4405,Society
4406,Society
4407,Society
4408,Society
4409,Society
4410,Society
4411,Society
4412,Society
4413,Society
4414,Society
4415,Society
4416,Society
4417,Society
4418,Society
4419,Society
4420,Society
4421,Society
4422,Society
4423,Society
4424,Society
4425,Society
4426,Society
4427,Society
4428,Society
4429,Society
4430,Society
4431,Society
4432,Society
4433,Society
4434,Society
4435,Society
4436,Society
4437,Society
4438,Society
4439,Society
4440,Society
4441,Society
4442,Society
4443,Society
4444,Society
4445,Society
4446,Society
4447,Society
4448,Society
4449,I
4450,I
4451,I
4452,I
4453,I
4454,I
4455,I
4456,I
4457,I
4458,I
4459,I
4460,I
4461,I
4462,I
4463,I
4464,I
4465,I
4466,I
4467,I
4468,I
4469,I
4470,I
4471,I
4472,I
4473,I
4474,I
4475,I
4476,I
4477,I
4478,I
4479,I
4480,I
4481,I
4482,I
4483,I
4484,I
4485,I
4486,I
4487,I
4488,I
4489,I
4490,I
4491,I
4492,I
4493,I
4494,I
4495,I
4496,I
4497,I
4498,I
4499,I
4500,I
4501,I
4502,I
4503,I
4504,I
4505,I
4506,I
4507,I
4508,I
4509,I
4510,I
4511,School
4512,School
4513,School
4514,School
4515,School
4516,School
4517,School
4518,School
4519,School
4520,School
4521,School
4522,School
4523,School
4524,School
4525,School
4526,School
4527,School
4528,School
4529,School
4530,School
4531,School
4532,School
4533,School
4534,School
4535,School
4536,School
4537,School
4538,School
4539,School
4540,School
4541,School
4542,School
4543,School
4544,School
4545,School
4546,School
4547,School
4548,School
4549,School
4550,School
4551,School
4552,School
4553,School
4554,School
4555,School
4556,School
4557,School
4558,School
4559,School
4560,School
4561,School
4562,School
4563,School
4564,School
4565,School
4566,School
4567,School
4568,School
4569,School
4570,School
4571,School
4572,Career
4573,Career
4574,Career
4575,Career
4576,Career
4577,Career
4578,Career
4579,Career
4580,Career
4581,Career
4582,Career
4583,Career
4584,Career
4585,Career
4586,Career
4587,Career
4588,Career
4589,Career
4590,Career
4591,Career
4592,Career
4593,Career
4594,Career
4595,Career
4596,Career
4597,Career
4598,Career
4599,Career
4600,Career
4601,Career
4602,Career
4603,Career
4604,Career
4605,Career
4606,Career
4607,Career
4608,Career
4609,Career
4610,Career
4611,Career
4612,Career
4613,Career
4614,Career
4615,Career
4616,Career
4617,Career
4618,Career
4619,Career
4620,Career
4621,Career
4622,Career
4623,Career
4624,Career
4625,Career
4626,Career
4627,Career
4628,Career
4629,Career
4630,Career
4631,Career
4632,Career
4633,Country
4634,Country
4635,Country
4636,Country
4637,Country
4638,Country
4639,Country
4640,Country
4641,Country
4642,Country
4643,Country
4644,Country
4645,Country
4646,Country
4647,Country
4648,Country
4649,Country
4650,Country
4651,Country
4652,Country
4653,Country
4654,Country
4655,Country
4656,Country
4657,Country
4658,Country
4659,Country
4660,Country
4661,Country
4662,Country
4663,Country
4664,Country
4665,Country
4666,Country
4667,Country
4668,Country
4669,Country
4670,Country
4671,Country
4672,Country
4673,Country
4674,Country
4675,Country
4676,Country
4677,Country
4678,Country
4679,Country
4680,Country
4681,Country
4682,Country
4683,Country
4684,Country
4685,Country
4686,Country
4687,Country
4688,Country
4689,Country
4690,Country
4691,Lot
4692,Lot
4693,Lot
4694,Lot
4695,Lot
4696,Lot
4697,Lot
4698,Lot
4699,Lot
4700,Lot
4701,Lot
4702,Lot
4703,Lot
4704,Lot
4705,Lot
4706,Lot
4707,Lot
4708,Lot
4709,Lot
4710,Lot
4711,Lot
4712,Lot
4713,Lot
4714,Lot
4715,Lot
4716,Lot
4717,Lot
4718,Lot
4719,Lot
4720,Lot
4721,Lot
4722,Lot
4723,Lot
4724,Lot
4725,Lot
4726,Lot
4727,Lot
4728,Lot
4729,Lot
4730,Lot
4731,Lot
4732,Lot
4733,Lot
4734,Lot
4735,Lot
4736,Lot
4737,Lot
4738,Lot
4739,Lot
4740,Lot
4741,Lot
4742,Lot
4743,Lot
4744,Lot
4745,Lot
4746,Lot
4747,Lot
4748,Lot
4749,Ability
4750,Ability
4751,Ability
4752,Ability
4753,Ability
4754,Ability
4755,Ability
4756,Ability
4757,Ability
4758,Ability
4759,Ability
4760,Ability
4761,Ability
4762,Ability
4763,Ability
4764,Ability
4765,Ability
4766,Ability
4767,Ability
4768,Ability
4769,Ability
4770,Ability
4771,Ability
4772,Ability
4773,Ability
4774,Ability
4775,Ability
4776,Ability
4777,Ability
4778,Ability
4779,Ability
4780,Ability
4781,Ability
4782,Ability
4783,Ability
4784,Ability
4785,Ability
4786,Ability
4787,Ability
4788,Ability
4789,Ability
4790,Ability
4791,Ability
4792,Ability
4793,Ability
4794,Ability
4795,Ability
4796,Ability
4797,Ability
4798,Ability
4799,Ability
4800,Ability
4801,Ability
4802,Ability
4803,Ability
4804,Ability
4805,Ability
4806,Encouragement
4807,Encouragement
4808,Encouragement
4809,Encouragement
4810,Encouragement
4811,Encouragement
4812,Encouragement
4813,Encouragement
4814,Encouragement
4815,Encouragement
4816,Encouragement
4817,Encouragement
4818,Encouragement
4819,Encouragement
4820,Encouragement
4821,Encouragement
4822,Encouragement
4823,Encouragement
4824,Encouragement
4825,Encouragement
4826,Encouragement
4827,Encouragement
4828,Encouragement
4829,Encouragement
4830,Encouragement
4831,Encouragement
4832,Encouragement
4833,Encouragement
4834,Encouragement
4835,Encouragement
4836,Encouragement
4837,Encouragement
4838,Encouragement
4839,Encouragement
4840,Encouragement
4841,Encouragement
4842,Encouragement
4843,Encouragement
4844,Encouragement
4845,Encouragement
4846,Encouragement
4847,Encouragement
4848,Encouragement
4849,Encouragement
4850,Encouragement
4851,Encouragement
4852,Encouragement
4853,Encouragement
4854,Encouragement
4855,Encouragement
4856,Encouragement
4857,Encouragement
4858,Encouragement
4859,Encouragement
4860,Knowledge
4861,Knowledge
4862,Knowledge
4863,Knowledge
4864,Knowledge
4865,Knowledge
4866,Knowledge
4867,Knowledge
4868,Knowledge
4869,Knowledge
4870,Knowledge
4871,Knowledge
4872,Knowledge
4873,Knowledge
4874,Knowledge
4875,Knowledge
4876,Knowledge
4877,Knowledge
4878,Knowledge
4879,Knowledge
4880,Knowledge
4881,Knowledge
4882,Knowledge
4883,Knowledge
4884,Knowledge
4885,Knowledge
4886,Knowledge
4887,Knowledge
4888,Knowledge
4889,Knowledge
4890,Knowledge
4891,Knowledge
4892,Knowledge
4893,Knowledge
4894,Knowledge
4895,Knowledge
4896,Knowledge
4897,Knowledge
4898,Knowledge
4899,Knowledge
4900,Knowledge
4901,Knowledge
4902,Knowledge
4903,Knowledge
4904,Knowledge
4905,Knowledge
4906,Knowledge
4907,Knowledge
4908,Knowledge
4909,Knowledge
4910,Knowledge
